{"acc": 0.8575738787050718, "loss": 0.13056499067897515, "_timestamp": 1681387790.878599, "_runtime": 2.7433419227600098, "_step": 7, "_wandb": {"runtime": 2}}